nombre,municipio,teléfono,correo,WhatsApp,sitio_red,url_fuente
Closet Boutique,Comondú,+52 61 3109 3740,closetboutique103@hotmail.com,https://wa.me/526131093740,https://www.facebook.com/search/pages/?q=Closet%20Boutique%20Comondú,"https://www.google.com/maps/search/?api=1&query=25.03223717,-111.66942119"
Malibu Boutique,Comondú,+52 61 3117 1514,magdalenamalibu2015@gmail.com,https://wa.me/526131171514,https://www.facebook.com/search/pages/?q=Malibu%20Boutique%20Comondú,"https://www.google.com/maps/search/?api=1&query=25.03380204,-111.67170002"
Bella Store,Comondú,+52 61 2205 5865,ND,https://wa.me/526122055865,https://www.facebook.com/search/pages/?q=Bella%20Store%20Comondú,"https://www.google.com/maps/search/?api=1&query=25.03855872,-111.67054007"
Boutique Euphoria,Comondú,+52 61 3116 9292,ND,https://wa.me/526131169292,https://www.facebook.com/search/pages/?q=Boutique%20Euphoria%20Comondú,"https://www.google.com/maps/search/?api=1&query=25.03358016,-111.67221924"
Boutique Kari,Comondú,+52 64 4997 8908,ND,https://wa.me/526449978908,https://www.facebook.com/search/pages/?q=Boutique%20Kari%20Comondú,"https://www.google.com/maps/search/?api=1&query=24.78465012,-112.09973321"
Boutique Valentina,Comondú,+52 61 3111 4566,ND,https://wa.me/526131114566,https://www.facebook.com/search/pages/?q=Boutique%20Valentina%20Comondú,"https://www.google.com/maps/search/?api=1&query=25.03582214,-111.67834007"
Danic Boutique,Comondú,+52 33 1225 5862,ND,https://wa.me/523312255862,https://www.facebook.com/search/pages/?q=Danic%20Boutique%20Comondú,"https://www.google.com/maps/search/?api=1&query=24.7868681,-112.10543595"
El Closet De Oly,Comondú,+52 61 3125 6498,ND,https://wa.me/526131256498,https://www.facebook.com/search/pages/?q=El%20Closet%20De%20Oly%20Comondú,"https://www.google.com/maps/search/?api=1&query=25.03586824,-111.6547368"
Iveth Boutique,Comondú,+52 61 3125 7915,ND,https://wa.me/526131257915,https://www.facebook.com/search/pages/?q=Iveth%20Boutique%20Comondú,"https://www.google.com/maps/search/?api=1&query=25.03323636,-111.67206044"
Lunas Boutique,Comondú,+52 66 4385 6477,ND,https://wa.me/526643856477,https://www.facebook.com/search/pages/?q=Lunas%20Boutique%20Comondú,"https://www.google.com/maps/search/?api=1&query=25.03319842,-111.67142015"
Manhattan Boutique,Comondú,+52 61 3118 4428,ND,https://wa.me/526131184428,https://www.facebook.com/search/pages/?q=Manhattan%20Boutique%20Comondú,"https://www.google.com/maps/search/?api=1&query=25.03378624,-111.67169269"
Maria Regina Boutique,Comondú,+52 61 3104 2203,ND,https://wa.me/526131042203,https://www.facebook.com/search/pages/?q=Maria%20Regina%20Boutique%20Comondú,"https://www.google.com/maps/search/?api=1&query=25.03389057,-111.66029048"
Me&Em Boutique,Comondú,+52 61 3100 0640,ND,https://wa.me/526131000640,https://www.facebook.com/search/pages/?q=Me%26Em%20Boutique%20Comondú,"https://www.google.com/maps/search/?api=1&query=25.03349281,-111.67026207"
Plus Size Boutique,Comondú,+52 61 3109 2030,ND,https://wa.me/526131092030,https://www.facebook.com/search/pages/?q=Plus%20Size%20Boutique%20Comondú,"https://www.google.com/maps/search/?api=1&query=25.03148492,-111.6755229"
Rousse Boutique,Comondú,+52 61 3111 5503,ND,https://wa.me/526131115503,https://www.facebook.com/search/pages/?q=Rousse%20Boutique%20Comondú,"https://www.google.com/maps/search/?api=1&query=25.03341804,-111.67281207"
Shika S Boutique,Comondú,+52 61 3114 9161,ND,https://wa.me/526131149161,https://www.facebook.com/search/pages/?q=Shika%20S%20Boutique%20Comondú,"https://www.google.com/maps/search/?api=1&query=25.0342151,-111.6679633"
Tali Shop,Comondú,+52 61 3116 9107,ND,https://wa.me/526131169107,https://www.facebook.com/search/pages/?q=Tali%20Shop%20Comondú,"https://www.google.com/maps/search/?api=1&query=25.03333152,-111.67210439"
The Trendy Boutique,Comondú,+52 61 3121 1023,ND,https://wa.me/526131211023,https://www.facebook.com/search/pages/?q=The%20Trendy%20Boutique%20Comondú,"https://www.google.com/maps/search/?api=1&query=25.03212004,-111.67291497"
Tu Boutique,Comondú,+52 61 3111 7686,ND,https://wa.me/526131117686,https://www.facebook.com/search/pages/?q=Tu%20Boutique%20Comondú,"https://www.google.com/maps/search/?api=1&query=25.03594885,-111.67585422"
Victorias Boutique,Comondú,+52 61 3105 7829,ND,https://wa.me/526131057829,https://www.facebook.com/search/pages/?q=Victorias%20Boutique%20Comondú,"https://www.google.com/maps/search/?api=1&query=25.03343682,-111.67276264"
Vip Boutique,Comondú,+52 61 3109 4465,ND,https://wa.me/526131094465,https://www.facebook.com/search/pages/?q=Vip%20Boutique%20Comondú,"https://www.google.com/maps/search/?api=1&query=25.03606519,-111.66938645"
Alex Shop,La Paz,+52 61 2179 1723,ND,https://wa.me/526121791723,https://WWW.ALEXSHOP.COM.MX/,"https://www.google.com/maps/search/?api=1&query=24.16145151,-110.31535589"
Baja Chic Boutique,La Paz,+52 61 2150 8840,bajachicboutique@gmail.com,https://wa.me/526121508840,https://www.facebook.com/search/pages/?q=Baja%20Chic%20Boutique%20La%20Paz,"https://www.google.com/maps/search/?api=1&query=24.16727834,-110.3110516"
Baja Jeans,La Paz,+52 61 2100 9839,sonia.garcia89@hotmail.com,https://wa.me/526121009839,https://www.facebook.com/search/pages/?q=Baja%20Jeans%20La%20Paz,"https://www.google.com/maps/search/?api=1&query=24.13122637,-110.31913052"
Boutique D Ever,La Paz,+52 61 2177 0534,evelunadi@gmail.com,https://wa.me/526121770534,https://www.facebook.com/search/pages/?q=Boutique%20D%20Ever%20La%20Paz,"https://www.google.com/maps/search/?api=1&query=24.09392623,-110.30435255"
Boutique Santa Maria,La Paz,+52 61 2132 2554,jreosuna@hotmail.com,https://wa.me/526121322554,https://www.facebook.com/search/pages/?q=Boutique%20Santa%20Maria%20La%20Paz,"https://www.google.com/maps/search/?api=1&query=23.44969473,-110.22480673"
Caribe Moda,La Paz,+52 61 2131 2514,yeremore@hotmail.com,https://wa.me/526121312514,https://www.facebook.com/search/pages/?q=Caribe%20Moda%20La%20Paz,"https://www.google.com/maps/search/?api=1&query=24.10379222,-110.33446077"
Fashion Corner,La Paz,+52 61 2159 0140,melissafenechvizcaino@gmail.com,https://wa.me/526121590140,https://WWW.FASHIONCORNER.MX/,"https://www.google.com/maps/search/?api=1&query=24.16265233,-110.31633065"
Fashion Paradise Forjadores,La Paz,+52 66 7784 2334,adaldguez@hotmail.com,https://wa.me/526677842334,https://HTTPS://FASHIONPARADISE.COM.MX/,"https://www.google.com/maps/search/?api=1&query=24.09636059,-110.31073987"
Mezcla Fashion & Furniture,La Paz,+52 61 2137 4704,mezclabcs@gmail.com,https://wa.me/526121374704,https://www.facebook.com/search/pages/?q=Mezcla%20Fashion%20%26%20Furniture%20La%20Paz,"https://www.google.com/maps/search/?api=1&query=24.16256867,-110.31475601"
Sophia Boutique,La Paz,+52 61 2219 0820,sofiaboutiquemx@gmail.com,https://wa.me/526122190820,https://WWW.SOPHIABOUTIQUE.MX/,"https://www.google.com/maps/search/?api=1&query=24.09117578,-110.3294426"
Tallas Extras Boutique,La Paz,+52 61 2121 3155,tallasextraboutique@gmail.com,https://wa.me/526121213155,https://www.facebook.com/search/pages/?q=Tallas%20Extras%20Boutique%20La%20Paz,"https://www.google.com/maps/search/?api=1&query=24.13681598,-110.31198043"
Voga Boutique,La Paz,+52 61 2111 8851,yohana624@hotmail.com,https://wa.me/526121118851,https://www.facebook.com/search/pages/?q=Voga%20Boutique%20La%20Paz,"https://www.google.com/maps/search/?api=1&query=24.14464069,-110.31680031"
2020 La Shop,La Paz,+52 61 2140 0323,ND,https://wa.me/526121400323,https://www.facebook.com/search/pages/?q=2020%20La%20Shop%20La%20Paz,"https://www.google.com/maps/search/?api=1&query=24.16253072,-110.31469996"
Bellas Boutique,La Paz,+52 62 4226 3292,ND,https://wa.me/526242263292,https://www.facebook.com/search/pages/?q=Bellas%20Boutique%20La%20Paz,"https://www.google.com/maps/search/?api=1&query=24.12210404,-110.31673485"
Boutique Ana Divas,La Paz,+52 61 2212 8655,ND,https://wa.me/526122128655,https://www.facebook.com/search/pages/?q=Boutique%20Ana%20Divas%20La%20Paz,"https://www.google.com/maps/search/?api=1&query=24.14375194,-110.28690776"
Boutique Byn,La Paz,+52 61 2868 7237,ND,https://wa.me/526128687237,https://www.facebook.com/search/pages/?q=Boutique%20Byn%20La%20Paz,"https://www.google.com/maps/search/?api=1&query=24.0932347,-110.31409137"
Boutique Juliianna Clothing,La Paz,+52 61 2105 9610,ND,https://wa.me/526121059610,https://www.facebook.com/search/pages/?q=Boutique%20Juliianna%20Clothing%20La%20Paz,"https://www.google.com/maps/search/?api=1&query=24.05726886,-110.29362949"
Boutique Liz Amador,La Paz,+52 61 2288 6715,ND,https://wa.me/526122886715,https://www.facebook.com/search/pages/?q=Boutique%20Liz%20Amador%20La%20Paz,"https://www.google.com/maps/search/?api=1&query=24.09591732,-110.32773189"
Boutique Madre Luna,La Paz,+52 61 2199 6900,ND,https://wa.me/526121996900,https://www.facebook.com/search/pages/?q=Boutique%20Madre%20Luna%20La%20Paz,"https://www.google.com/maps/search/?api=1&query=24.07107847,-109.99311018"
Boutique Matis S,La Paz,+52 61 2228 2010,ND,https://wa.me/526122282010,https://www.facebook.com/search/pages/?q=Boutique%20Matis%20S%20La%20Paz,"https://www.google.com/maps/search/?api=1&query=24.09406826,-110.32440283"
Boutique Pirre,La Paz,+52 61 2140 1447,ND,https://wa.me/526121401447,https://www.facebook.com/search/pages/?q=Boutique%20Pirre%20La%20Paz,"https://www.google.com/maps/search/?api=1&query=24.14467383,-110.30213893"
Boutique Top Store,La Paz,+52 61 2141 5781,ND,https://wa.me/526121415781,https://www.facebook.com/search/pages/?q=Boutique%20Top%20Store%20La%20Paz,"https://www.google.com/maps/search/?api=1&query=23.45644085,-110.23463491"
Buvaz Shop,La Paz,+52 61 2233 3243,ND,https://wa.me/526122333243,https://www.facebook.com/search/pages/?q=Buvaz%20Shop%20La%20Paz,"https://www.google.com/maps/search/?api=1&query=24.10644433,-110.32025914"
California Store,La Paz,+52 61 2348 8467,ND,https://wa.me/526123488467,https://www.facebook.com/search/pages/?q=California%20Store%20La%20Paz,"https://www.google.com/maps/search/?api=1&query=24.14527189,-110.3177141"
Camilas Boutique,La Paz,+52 61 2168 1345,ND,https://wa.me/526121681345,https://www.facebook.com/search/pages/?q=Camilas%20Boutique%20La%20Paz,"https://www.google.com/maps/search/?api=1&query=24.09971633,-110.32685236"
Closet By Maya Boutique,La Paz,+52 61 2229 9907,ND,https://wa.me/526122299907,https://www.facebook.com/search/pages/?q=Closet%20By%20Maya%20Boutique%20La%20Paz,"https://www.google.com/maps/search/?api=1&query=24.12137825,-110.30285937"
Daily Moda Outlet Store,La Paz,+52 61 2170 4045,ND,https://wa.me/526121704045,https://www.facebook.com/search/pages/?q=Daily%20Moda%20Outlet%20Store%20La%20Paz,"https://www.google.com/maps/search/?api=1&query=24.10210483,-110.33379702"
Elias Boutique,La Paz,+52 61 2125 0327,ND,https://wa.me/526121250327,https://www.facebook.com/search/pages/?q=Elias%20Boutique%20La%20Paz,"https://www.google.com/maps/search/?api=1&query=24.14668592,-110.28707899"
Emes Boutique,La Paz,+52 61 2104 2878,ND,https://wa.me/526121042878,https://www.facebook.com/search/pages/?q=Emes%20Boutique%20La%20Paz,"https://www.google.com/maps/search/?api=1&query=24.12009814,-110.32294381"
Greikas Boutique,La Paz,+52 61 2338 5620,ND,https://wa.me/526123385620,https://www.facebook.com/search/pages/?q=Greikas%20Boutique%20La%20Paz,"https://www.google.com/maps/search/?api=1&query=24.14609631,-110.31426297"
Jv Boutique,La Paz,+52 61 2141 5066,ND,https://wa.me/526121415066,https://www.facebook.com/search/pages/?q=Jv%20Boutique%20La%20Paz,"https://www.google.com/maps/search/?api=1&query=24.0888817,-110.32725369"
Lety S Boutique,La Paz,+52 61 2108 5298,ND,https://wa.me/526121085298,https://www.facebook.com/search/pages/?q=Lety%20S%20Boutique%20La%20Paz,"https://www.google.com/maps/search/?api=1&query=24.14845822,-110.29661163"
Maena Store,La Paz,+52 62 4263 6402,ND,https://wa.me/526242636402,https://www.facebook.com/search/pages/?q=Maena%20Store%20La%20Paz,"https://www.google.com/maps/search/?api=1&query=23.68093397,-109.69961512"
Mar Boutique,La Paz,+52 61 2117 2772,ND,https://wa.me/526121172772,https://www.facebook.com/search/pages/?q=Mar%20Boutique%20La%20Paz,"https://www.google.com/maps/search/?api=1&query=24.05745861,-110.28849383"
Marielos Boutique,La Paz,+52 61 2129 5783,ND,https://wa.me/526121295783,https://www.facebook.com/search/pages/?q=Marielos%20Boutique%20La%20Paz,"https://www.google.com/maps/search/?api=1&query=24.14467383,-110.30213893"
Mi Moda Dual,La Paz,+52 61 2156 5052,ND,https://wa.me/526121565052,https://www.facebook.com/search/pages/?q=Mi%20Moda%20Dual%20La%20Paz,"https://www.google.com/maps/search/?api=1&query=24.10660157,-110.3061592"
Mishein Boutique,La Paz,+52 61 2151 1475,ND,https://wa.me/526121511475,https://www.facebook.com/search/pages/?q=Mishein%20Boutique%20La%20Paz,"https://www.google.com/maps/search/?api=1&query=24.10427139,-110.33463318"
Monkey Shop,La Paz,+52 61 2232 6451,ND,https://wa.me/526122326451,https://www.facebook.com/search/pages/?q=Monkey%20Shop%20La%20Paz,"https://www.google.com/maps/search/?api=1&query=24.05885217,-110.29013245"
Oceanus Boutique,La Paz,+52 61 2120 2174,ND,https://wa.me/526121202174,https://www.facebook.com/search/pages/?q=Oceanus%20Boutique%20La%20Paz,"https://www.google.com/maps/search/?api=1&query=24.16051672,-110.31524063"
Paudie Closeth,La Paz,+52 61 2102 9508,ND,https://wa.me/526121029508,https://www.facebook.com/search/pages/?q=Paudie%20Closeth%20La%20Paz,"https://www.google.com/maps/search/?api=1&query=24.14505824,-110.28435137"
Que Chula Boutique,La Paz,+52 61 2200 4464,ND,https://wa.me/526122004464,https://www.facebook.com/search/pages/?q=Que%20Chula%20Boutique%20La%20Paz,"https://www.google.com/maps/search/?api=1&query=24.12393376,-110.3096372"
Saints Concept Store,La Paz,+52 61 2105 4059,ND,https://wa.me/526121054059,https://www.facebook.com/search/pages/?q=Saints%20Concept%20Store%20La%20Paz,"https://www.google.com/maps/search/?api=1&query=24.14624943,-110.32990474"
Saldo De Ropa El Closet De Sandra,La Paz,+52 61 2134 3775,ND,https://wa.me/526121343775,https://www.facebook.com/search/pages/?q=Saldo%20De%20Ropa%20El%20Closet%20De%20Sandra%20La%20Paz,"https://www.google.com/maps/search/?api=1&query=24.11796575,-110.31844642"
Showroom Boutique,La Paz,+52 61 2122 8746,ND,https://wa.me/526121228746,https://www.facebook.com/search/pages/?q=Showroom%20Boutique%20La%20Paz,"https://www.google.com/maps/search/?api=1&query=24.14467383,-110.30213893"
Timon Store,La Paz,+52 61 2151 1308,ND,https://wa.me/526121511308,https://www.facebook.com/search/pages/?q=Timon%20Store%20La%20Paz,"https://www.google.com/maps/search/?api=1&query=24.09591732,-110.32773189"
Valentinas Boutique,La Paz,+52 61 2108 2671,ND,https://wa.me/526121082671,https://www.facebook.com/search/pages/?q=Valentinas%20Boutique%20La%20Paz,"https://www.google.com/maps/search/?api=1&query=24.1594131,-110.31411839"
Vitas Boutique,La Paz,+52 62 4110 6992,ND,https://wa.me/526241106992,https://www.facebook.com/search/pages/?q=Vitas%20Boutique%20La%20Paz,"https://www.google.com/maps/search/?api=1&query=23.68470882,-109.69896417"
Vorys Boutique,La Paz,+52 61 2107 5089,ND,https://wa.me/526121075089,https://www.facebook.com/search/pages/?q=Vorys%20Boutique%20La%20Paz,"https://www.google.com/maps/search/?api=1&query=24.13313568,-110.33374331"
Yami Boutique,La Paz,+52 61 2145 1098,ND,https://wa.me/526121451098,https://www.facebook.com/search/pages/?q=Yami%20Boutique%20La%20Paz,"https://www.google.com/maps/search/?api=1&query=23.45123777,-110.22303902"
Boutique Celida,Loreto,+52 00 1951 3188,celidak@hotmail.com,https://wa.me/520019513188,https://www.facebook.com/search/pages/?q=Boutique%20Celida%20Loreto,"https://www.google.com/maps/search/?api=1&query=25.99571784,-111.36783085"
Boutique Madona,Loreto,+52 61 3113 7273,ND,https://wa.me/526131137273,https://www.facebook.com/search/pages/?q=Boutique%20Madona%20Loreto,"https://www.google.com/maps/search/?api=1&query=26.0088964,-111.34798998"
Ladies Moda Tallas Grandes,Loreto,+52 61 3104 3247,ND,https://wa.me/526131043247,https://www.facebook.com/search/pages/?q=Ladies%20Moda%20Tallas%20Grandes%20Loreto,"https://www.google.com/maps/search/?api=1&query=26.00824151,-111.34738119"
Mens Store,Loreto,+52 61 3121 7463,ND,https://wa.me/526131217463,https://www.facebook.com/search/pages/?q=Mens%20Store%20Loreto,"https://www.google.com/maps/search/?api=1&query=26.00883632,-111.34806858"
Antara Boutique,Los Cabos,+52 62 4121 2368,antarasboutique2012@hotmail.com,https://wa.me/526241212368,https://www.facebook.com/search/pages/?q=Antara%20Boutique%20Los%20Cabos,"https://www.google.com/maps/search/?api=1&query=23.07412695,-109.71133537"
Bloom Mexican Concept Store,Los Cabos,+52 62 4113 7294,bloommexicanconceptstore@gmail.com,https://wa.me/526241137294,https://www.facebook.com/search/pages/?q=Bloom%20Mexican%20Concept%20Store%20Los%20Cabos,"https://www.google.com/maps/search/?api=1&query=22.88759315,-109.90497821"
Boutique Lesan,Los Cabos,+52 33 3454 2144,theplaceatcabo@gmail.com,https://wa.me/523334542144,https://www.facebook.com/search/pages/?q=Boutique%20Lesan%20Los%20Cabos,"https://www.google.com/maps/search/?api=1&query=23.06580415,-109.67886866"
Boutique Lua,Los Cabos,+52 62 4264 4788,hablemos@theluashop.com,https://wa.me/526242644788,https://WWW.THELUASHOP.COM/,"https://www.google.com/maps/search/?api=1&query=22.88121746,-109.91364899"
Cabostyle,Los Cabos,+52 62 4105 1168,paraiso@caboinstylemexico.com,https://wa.me/526241051168,https://www.facebook.com/search/pages/?q=Cabostyle%20Los%20Cabos,"https://www.google.com/maps/search/?api=1&query=22.887976,-109.91074474"
Coketas Boutique,Los Cabos,+52 62 4129 9656,nancy-melo@hotmail.com,https://wa.me/526241299656,https://www.facebook.com/search/pages/?q=Coketas%20Boutique%20Los%20Cabos,"https://www.google.com/maps/search/?api=1&query=23.11314734,-109.71269235"
D Patrics Boutique,Los Cabos,+52 62 4105 1776,dpatrics_74@hotmail.com,https://wa.me/526241051776,https://www.facebook.com/search/pages/?q=D%20Patrics%20Boutique%20Los%20Cabos,"https://www.google.com/maps/search/?api=1&query=22.89133665,-109.93452211"
Dolls Boutique,Los Cabos,+52 62 4319 4939,dollsboutique96@gmail.com,https://wa.me/526243194939,https://www.facebook.com/search/pages/?q=Dolls%20Boutique%20Los%20Cabos,"https://www.google.com/maps/search/?api=1&query=22.88987633,-109.93339401"
Elsys Boutique,Los Cabos,+52 62 4142 4485,elsysboutique@hotmail.com,https://wa.me/526241424485,https://www.facebook.com/search/pages/?q=Elsys%20Boutique%20Los%20Cabos,"https://www.google.com/maps/search/?api=1&query=23.04396915,-109.70566974"
Fashion Paradise Los Cabos,Los Cabos,+52 66 7784 2334,adaldguez@hotmail.com,https://wa.me/526677842334,https://HTTPS://FASHIONPARADISE.COM.MX/,"https://www.google.com/maps/search/?api=1&query=22.89716602,-109.92389254"
Glamour Boutique,Los Cabos,+52 62 4160 7401,glamhv@gmail.com,https://wa.me/526241607401,https://www.facebook.com/search/pages/?q=Glamour%20Boutique%20Los%20Cabos,"https://www.google.com/maps/search/?api=1&query=22.89487291,-109.91507084"
Inboutique,Los Cabos,+52 62 4142 2970,inboutiquesjd@gmail.com,https://wa.me/526241422970,https://www.facebook.com/search/pages/?q=Inboutique%20Los%20Cabos,"https://www.google.com/maps/search/?api=1&query=23.04396915,-109.70566974"
Makus Shop,Los Cabos,+52 62 4137 4739,xcaboshop@gmeil.com,https://wa.me/526241374739,https://www.facebook.com/search/pages/?q=Makus%20Shop%20Los%20Cabos,"https://www.google.com/maps/search/?api=1&query=22.88475896,-109.91310192"
Mayas Closet Boutique,Los Cabos,+52 62 4191 2929,messianik@hotmail.com,https://wa.me/526241912929,https://www.facebook.com/search/pages/?q=Mayas%20Closet%20Boutique%20Los%20Cabos,"https://www.google.com/maps/search/?api=1&query=23.08877989,-109.70897474"
Obssesion Boutique,Los Cabos,+52 62 4224 3127,ND,https://wa.me/526242243127,https://WWW.OBSESSION.MX.COM/,"https://www.google.com/maps/search/?api=1&query=22.88373198,-109.91380634"
Oly Fashion,Los Cabos,+52 62 4192 3445,olivalopez169@gmail.com,https://wa.me/526241923445,https://www.facebook.com/search/pages/?q=Oly%20Fashion%20Los%20Cabos,"https://www.google.com/maps/search/?api=1&query=22.92050044,-109.92629848"
Romance Boutique,Los Cabos,+52 62 4184 0077,ontiverosnjj7@gmail.com,https://wa.me/526241840077,https://www.facebook.com/search/pages/?q=Romance%20Boutique%20Los%20Cabos,"https://www.google.com/maps/search/?api=1&query=23.36704548,-109.7779878"
Style Loft Boutique,Los Cabos,+52 62 4136 8912,jorgeacero209@hotmail.com,https://wa.me/526241368912,https://www.facebook.com/search/pages/?q=Style%20Loft%20Boutique%20Los%20Cabos,"https://www.google.com/maps/search/?api=1&query=23.07600358,-109.71638283"
Airam Lopez Store,Los Cabos,+52 62 4219 1770,ND,https://wa.me/526242191770,https://www.facebook.com/search/pages/?q=Airam%20Lopez%20Store%20Los%20Cabos,"https://www.google.com/maps/search/?api=1&query=23.09219598,-109.72420459"
Amazonas Boutique,Los Cabos,+52 62 4315 3688,ND,https://wa.me/526243153688,https://www.facebook.com/search/pages/?q=Amazonas%20Boutique%20Los%20Cabos,"https://www.google.com/maps/search/?api=1&query=22.89463767,-109.91500228"
Amores Boutique,Los Cabos,+52 62 4152 8381,ND,https://wa.me/526241528381,https://www.facebook.com/search/pages/?q=Amores%20Boutique%20Los%20Cabos,"https://www.google.com/maps/search/?api=1&query=23.08877724,-109.70901388"
Anna Boutique,Los Cabos,+52 62 4147 9503,ND,https://wa.me/526241479503,https://www.facebook.com/search/pages/?q=Anna%20Boutique%20Los%20Cabos,"https://www.google.com/maps/search/?api=1&query=22.90072268,-109.90002297"
Boutique Blanquita,Los Cabos,+52 62 4132 4059,ND,https://wa.me/526241324059,https://www.facebook.com/search/pages/?q=Boutique%20Blanquita%20Los%20Cabos,"https://www.google.com/maps/search/?api=1&query=23.10740671,-109.73046414"
Boutique Coqueta,Los Cabos,+52 62 4191 1692,ND,https://wa.me/526241911692,https://www.facebook.com/search/pages/?q=Boutique%20Coqueta%20Los%20Cabos,"https://www.google.com/maps/search/?api=1&query=22.92015256,-109.93121443"
Boutique Dubai,Los Cabos,+52 62 4166 1284,ND,https://wa.me/526241661284,https://www.facebook.com/search/pages/?q=Boutique%20Dubai%20Los%20Cabos,"https://www.google.com/maps/search/?api=1&query=22.88487377,-109.91553598"
Boutique Enigma,Los Cabos,+52 62 4234 8687,ND,https://wa.me/526242348687,https://www.facebook.com/search/pages/?q=Boutique%20Enigma%20Los%20Cabos,"https://www.google.com/maps/search/?api=1&query=22.93106819,-109.92945219"
Boutique Galaz,Los Cabos,+52 62 4229 0076,ND,https://wa.me/526242290076,https://www.facebook.com/search/pages/?q=Boutique%20Galaz%20Los%20Cabos,"https://www.google.com/maps/search/?api=1&query=23.14130367,-109.70777568"
Boutique Jeans,Los Cabos,+52 62 4147 3586,ND,https://wa.me/526241473586,https://www.facebook.com/search/pages/?q=Boutique%20Jeans%20Los%20Cabos,"https://www.google.com/maps/search/?api=1&query=23.07233612,-109.70953464"
Boutique Jesy,Los Cabos,+52 62 4155 0122,ND,https://wa.me/526241550122,https://www.facebook.com/search/pages/?q=Boutique%20Jesy%20Los%20Cabos,"https://www.google.com/maps/search/?api=1&query=23.093246,-109.7124867"
Boutique Lupita Cortez,Los Cabos,+52 62 4113 7303,ND,https://wa.me/526241137303,https://www.facebook.com/search/pages/?q=Boutique%20Lupita%20Cortez%20Los%20Cabos,"https://www.google.com/maps/search/?api=1&query=23.10569607,-109.71406656"
Boutique Noah,Los Cabos,+52 62 4110 6481,ND,https://wa.me/526241106481,https://www.facebook.com/search/pages/?q=Boutique%20Noah%20Los%20Cabos,"https://www.google.com/maps/search/?api=1&query=22.93856099,-109.9261579"
Butique Neliza Shop,Los Cabos,+52 62 4161 5944,ND,https://wa.me/526241615944,https://www.facebook.com/search/pages/?q=Butique%20Neliza%20Shop%20Los%20Cabos,"https://www.google.com/maps/search/?api=1&query=22.92005724,-109.93112055"
Cabo Jeans,Los Cabos,+52 62 4241 8175,ND,https://wa.me/526242418175,https://www.facebook.com/search/pages/?q=Cabo%20Jeans%20Los%20Cabos,"https://www.google.com/maps/search/?api=1&query=23.1072765,-109.71925071"
Cabo Shopping By Yerlin Jimenez,Los Cabos,+52 62 4125 4702,ND,https://wa.me/526241254702,https://www.facebook.com/search/pages/?q=Cabo%20Shopping%20By%20Yerlin%20Jimenez%20Los%20Cabos,"https://www.google.com/maps/search/?api=1&query=22.89809666,-109.91869845"
Cute Boutique,Los Cabos,+52 62 4119 1791,ND,https://wa.me/526241191791,https://www.facebook.com/search/pages/?q=Cute%20Boutique%20Los%20Cabos,"https://www.google.com/maps/search/?api=1&query=22.8891751,-109.91124958"
Emilianos Boutique,Los Cabos,+52 62 4109 5955,ND,https://wa.me/526241095955,https://www.facebook.com/search/pages/?q=Emilianos%20Boutique%20Los%20Cabos,"https://www.google.com/maps/search/?api=1&query=22.9015676,-109.92575212"
Fashion Patty,Los Cabos,+52 62 4219 4883,ND,https://wa.me/526242194883,https://www.facebook.com/search/pages/?q=Fashion%20Patty%20Los%20Cabos,"https://www.google.com/maps/search/?api=1&query=23.09761175,-109.72101781"
Fashion Plus,Los Cabos,+52 62 4191 9406,ND,https://wa.me/526241919406,https://www.facebook.com/search/pages/?q=Fashion%20Plus%20Los%20Cabos,"https://www.google.com/maps/search/?api=1&query=23.07561606,-109.70591942"
Glam Fashion Boutique,Los Cabos,+52 62 4262 5604,ND,https://wa.me/526242625604,https://www.facebook.com/search/pages/?q=Glam%20Fashion%20Boutique%20Los%20Cabos,"https://www.google.com/maps/search/?api=1&query=22.88987465,-109.93563165"
Gorilla Store,Los Cabos,+52 62 4358 7040,ND,https://wa.me/526243587040,https://www.facebook.com/search/pages/?q=Gorilla%20Store%20Los%20Cabos,"https://www.google.com/maps/search/?api=1&query=22.93955465,-109.94088225"
Hegas Boutique,Los Cabos,+52 62 4178 8445,ND,https://wa.me/526241788445,https://www.facebook.com/search/pages/?q=Hegas%20Boutique%20Los%20Cabos,"https://www.google.com/maps/search/?api=1&query=22.88804214,-109.91312627"
Instyle Fitters,Los Cabos,+52 62 4108 6623,ND,https://wa.me/526241086623,https://www.facebook.com/search/pages/?q=Instyle%20Fitters%20Los%20Cabos,"https://www.google.com/maps/search/?api=1&query=22.93191988,-109.9295126"
Jl Boutique,Los Cabos,+52 62 4158 1347,ND,https://wa.me/526241581347,https://www.facebook.com/search/pages/?q=Jl%20Boutique%20Los%20Cabos,"https://www.google.com/maps/search/?api=1&query=23.10564855,-109.71849942"
Karyz Shop,Los Cabos,+52 62 4118 5590,ND,https://wa.me/526241185590,https://www.facebook.com/search/pages/?q=Karyz%20Shop%20Los%20Cabos,"https://www.google.com/maps/search/?api=1&query=23.1043821,-109.71399092"
La Casa Del Jeans,Los Cabos,+52 62 4122 2073,ND,https://wa.me/526241222073,https://www.facebook.com/search/pages/?q=La%20Casa%20Del%20Jeans%20Los%20Cabos,"https://www.google.com/maps/search/?api=1&query=22.90130895,-109.91967876"
Luna Boutique,Los Cabos,+52 62 4141 6600,ND,https://wa.me/526241416600,https://www.facebook.com/search/pages/?q=Luna%20Boutique%20Los%20Cabos,"https://www.google.com/maps/search/?api=1&query=22.8916895,-109.91433554"
Men S Fashion,Los Cabos,+52 62 4224 5108,ND,https://wa.me/526242245108,https://www.facebook.com/search/pages/?q=Men%20S%20Fashion%20Los%20Cabos,"https://www.google.com/maps/search/?api=1&query=23.0952782,-109.71197795"
Mi Closet Boutique,Los Cabos,+52 62 4182 0962,ND,https://wa.me/526241820962,https://www.facebook.com/search/pages/?q=Mi%20Closet%20Boutique%20Los%20Cabos,"https://www.google.com/maps/search/?api=1&query=22.94527273,-109.92312274"
Osmiely Boutique,Los Cabos,+52 62 4191 6734,ND,https://wa.me/526241916734,https://www.facebook.com/search/pages/?q=Osmiely%20Boutique%20Los%20Cabos,"https://www.google.com/maps/search/?api=1&query=23.09833799,-109.71942824"
Paola Herrera Boutique,Los Cabos,+52 62 4199 0226,ND,https://wa.me/526241990226,https://www.facebook.com/search/pages/?q=Paola%20Herrera%20Boutique%20Los%20Cabos,"https://www.google.com/maps/search/?api=1&query=22.88780909,-109.91286834"
Pattys Fashion,Los Cabos,+52 62 4158 2476,ND,https://wa.me/526241582476,https://www.facebook.com/search/pages/?q=Pattys%20Fashion%20Los%20Cabos,"https://www.google.com/maps/search/?api=1&query=23.08558523,-109.71150405"
Rafaels Fashion,Los Cabos,+52 62 4105 1785,ND,https://wa.me/526241051785,https://www.facebook.com/search/pages/?q=Rafaels%20Fashion%20Los%20Cabos,"https://www.google.com/maps/search/?api=1&query=22.89459153,-109.9150635"
Ropa Unifashion,Los Cabos,+52 62 4166 3832,ND,https://wa.me/526241663832,https://www.facebook.com/search/pages/?q=Ropa%20Unifashion%20Los%20Cabos,"https://www.google.com/maps/search/?api=1&query=23.1011186,-109.7206123"
The Closet Boutique,Los Cabos,+52 62 4243 6500,ND,https://wa.me/526242436500,https://www.facebook.com/search/pages/?q=The%20Closet%20Boutique%20Los%20Cabos,"https://www.google.com/maps/search/?api=1&query=23.12086916,-109.71802622"
Urban Shop,Los Cabos,+52 62 4151 3474,ND,https://wa.me/526241513474,https://www.facebook.com/search/pages/?q=Urban%20Shop%20Los%20Cabos,"https://www.google.com/maps/search/?api=1&query=22.89505353,-109.92918102"
Vainness Tore Boutique,Los Cabos,+52 62 4229 0115,ND,https://wa.me/526242290115,https://www.facebook.com/search/pages/?q=Vainness%20Tore%20Boutique%20Los%20Cabos,"https://www.google.com/maps/search/?api=1&query=22.89759127,-109.91930484"
Xiomys Boutique,Los Cabos,+52 62 4120 1157,ND,https://wa.me/526241201157,https://www.facebook.com/search/pages/?q=Xiomys%20Boutique%20Los%20Cabos,"https://www.google.com/maps/search/?api=1&query=23.09647025,-109.71292555"
Fashion M,Mulegé,+52 61 5106 8299,maryna003@hotmail.com,https://wa.me/526151068299,https://www.facebook.com/search/pages/?q=Fashion%20M%20Mulegé,"https://www.google.com/maps/search/?api=1&query=27.9674899,-114.04406926"
Moda Edalos,Mulegé,+52 61 5161 5697,pickys_74@live.com.mx,https://wa.me/526151615697,https://www.facebook.com/search/pages/?q=Moda%20Edalos%20Mulegé,"https://www.google.com/maps/search/?api=1&query=27.9683794,-114.03982356"
Adriana Boutique,Mulegé,+52 61 5112 2039,ND,https://wa.me/526151122039,https://www.facebook.com/search/pages/?q=Adriana%20Boutique%20Mulegé,"https://www.google.com/maps/search/?api=1&query=27.63965515,-113.39612143"
Boutique Lebiram,Mulegé,+52 61 5109 4600,ND,https://wa.me/526151094600,https://www.facebook.com/search/pages/?q=Boutique%20Lebiram%20Mulegé,"https://www.google.com/maps/search/?api=1&query=26.88814033,-111.991475"
Boutique Pedrito,Mulegé,+52 61 5161 2173,ND,https://wa.me/526151612173,https://www.facebook.com/search/pages/?q=Boutique%20Pedrito%20Mulegé,"https://www.google.com/maps/search/?api=1&query=27.33530486,-112.26982898"
Boutique Sahagun,Mulegé,+52 61 5155 3312,ND,https://wa.me/526151553312,https://www.facebook.com/search/pages/?q=Boutique%20Sahagun%20Mulegé,"https://www.google.com/maps/search/?api=1&query=26.88775571,-111.99112077"
Cicladis Ropa Fashion,Mulegé,+52 61 5106 8204,ND,https://wa.me/526151068204,https://www.facebook.com/search/pages/?q=Cicladis%20Ropa%20Fashion%20Mulegé,"https://www.google.com/maps/search/?api=1&query=27.64448425,-113.38510667"
Hidden Style Y Virago,Mulegé,+52 61 5112 7152,ND,https://wa.me/526151127152,https://www.facebook.com/search/pages/?q=Hidden%20Style%20Y%20Virago%20Mulegé,"https://www.google.com/maps/search/?api=1&query=27.9676832,-114.03252418"
Maria Victoria Fashon Estore,Mulegé,+52 61 5112 7545,ND,https://wa.me/526151127545,https://www.facebook.com/search/pages/?q=Maria%20Victoria%20Fashon%20Estore%20Mulegé,"https://www.google.com/maps/search/?api=1&query=27.6419476,-113.36733523"
Maribel Boutique,Mulegé,+52 61 5103 2959,ND,https://wa.me/526151032959,https://www.facebook.com/search/pages/?q=Maribel%20Boutique%20Mulegé,"https://www.google.com/maps/search/?api=1&query=27.33514588,-112.27108559"
Ml Boutique,Mulegé,+52 61 5161 2750,ND,https://wa.me/526151612750,https://www.facebook.com/search/pages/?q=Ml%20Boutique%20Mulegé,"https://www.google.com/maps/search/?api=1&query=26.89058364,-111.98233759"
Moda Ale,Mulegé,+52 61 5110 1764,ND,https://wa.me/526151101764,https://www.facebook.com/search/pages/?q=Moda%20Ale%20Mulegé,"https://www.google.com/maps/search/?api=1&query=27.64369802,-113.38387473"
Moda Club,Mulegé,+52 61 5113 3280,ND,https://wa.me/526151133280,https://www.facebook.com/search/pages/?q=Moda%20Club%20Mulegé,"https://www.google.com/maps/search/?api=1&query=27.63857189,-113.3808279"
Moda Y Belleza Luna,Mulegé,+52 61 5104 2202,ND,https://wa.me/526151042202,https://www.facebook.com/search/pages/?q=Moda%20Y%20Belleza%20Luna%20Mulegé,"https://www.google.com/maps/search/?api=1&query=27.64689328,-113.40427475"
Modas Amada,Mulegé,+52 61 5111 7699,ND,https://wa.me/526151117699,https://www.facebook.com/search/pages/?q=Modas%20Amada%20Mulegé,"https://www.google.com/maps/search/?api=1&query=27.33673059,-112.26883274"
Modas Karolinas,Mulegé,+52 61 5104 9625,ND,https://wa.me/526151049625,https://www.facebook.com/search/pages/?q=Modas%20Karolinas%20Mulegé,"https://www.google.com/maps/search/?api=1&query=27.63808259,-113.36960172"
Nellys Boutique,Mulegé,+52 61 5161 9239,ND,https://wa.me/526151619239,https://www.facebook.com/search/pages/?q=Nellys%20Boutique%20Mulegé,"https://www.google.com/maps/search/?api=1&query=26.89096458,-111.98395922"
